{
    "0.3": 86.83999999999999,
    "0.35": 89.0,
    "0.4": 90.64,
    "0.45": 93.04,
    "0.5": 94.17999999999999,
    "0.55": 95.22,
    "0.6": 96.16,
    "0.65": 96.76,
    "0.7": 97.48,
    "0.75": 98.16,
    "0.8": 98.48,
    "0.85": 98.72,
    "0.9": 99.38,
    "0.95": 99.64,
    "1.0": 99.88
}